[
  { "id": 1, "name": "India", "code": "IN", "capital": "New Delhi", "continent": "Asia" },
  { "id": 2, "name": "United States", "code": "US", "capital": "Washington, D.C.", "continent": "North America" },
  { "id": 3, "name": "Germany", "code": "DE", "capital": "Berlin", "continent": "Europe" },
  { "id": 4, "name": "Japan", "code": "JP", "capital": "Tokyo", "continent": "Asia" },
  { "id": 5, "name": "Afghanistan", "code": "AF", "capital": "Kabul", "continent": "Asia" },
  { "id": 6, "name": "Albania", "code": "AL", "capital": "Tirana", "continent": "Europe" },
  { "id": 7, "name": "Algeria", "code": "DZ", "capital": "Algiers", "continent": "Africa" },
  { "id": 8, "name": "Andorra", "code": "AD", "capital": "Andorra la Vella", "continent": "Europe" },
  { "id": 9, "name": "Angola", "code": "AO", "capital": "Luanda", "continent": "Africa" },
  { "id": 10, "name": "Antigua and Barbuda", "code": "AG", "capital": "St. John's", "continent": "North America" },
  { "id": 11, "name": "Argentina", "code": "AR", "capital": "Buenos Aires", "continent": "South America" },
  { "id": 12, "name": "Armenia", "code": "AM", "capital": "Yerevan", "continent": "Asia" },
  { "id": 13, "name": "Australia", "code": "AU", "capital": "Canberra", "continent": "Oceania" },
  { "id": 14, "name": "Austria", "code": "AT", "capital": "Vienna", "continent": "Europe" },
  { "id": 15, "name": "Azerbaijan", "code": "AZ", "capital": "Baku", "continent": "Asia" },
  { "id": 16, "name": "Bahamas", "code": "BS", "capital": "Nassau", "continent": "North America" },
  { "id": 17, "name": "Bahrain", "code": "BH", "capital": "Manama", "continent": "Asia" },
  { "id": 18, "name": "Bangladesh", "code": "BD", "capital": "Dhaka", "continent": "Asia" },
  { "id": 19, "name": "Barbados", "code": "BB", "capital": "Bridgetown", "continent": "North America" },
  { "id": 20, "name": "Belarus", "code": "BY", "capital": "Minsk", "continent": "Europe" },
  { "id": 21, "name": "Belgium", "code": "BE", "capital": "Brussels", "continent": "Europe" },
  { "id": 22, "name": "Belize", "code": "BZ", "capital": "Belmopan", "continent": "North America" },
  { "id": 23, "name": "Benin", "code": "BJ", "capital": "Porto-Novo", "continent": "Africa" },
  { "id": 24, "name": "Bhutan", "code": "BT", "capital": "Thimphu", "continent": "Asia" },
  { "id": 25, "name": "Bolivia", "code": "BO", "capital": "Sucre", "continent": "South America" },
  { "id": 26, "name": "Bosnia and Herzegovina", "code": "BA", "capital": "Sarajevo", "continent": "Europe" },
  { "id": 27, "name": "Botswana", "code": "BW", "capital": "Gaborone", "continent": "Africa" },
  { "id": 28, "name": "Brazil", "code": "BR", "capital": "Brasília", "continent": "South America" },
  { "id": 29, "name": "Brunei", "code": "BN", "capital": "Bandar Seri Begawan", "continent": "Asia" },
  { "id": 30, "name": "Bulgaria", "code": "BG", "capital": "Sofia", "continent": "Europe" },
  { "id": 31, "name": "Burkina Faso", "code": "BF", "capital": "Ouagadougou", "continent": "Africa" },
  { "id": 32, "name": "Burundi", "code": "BI", "capital": "Gitega", "continent": "Africa" },
  { "id": 33, "name": "Cabo Verde", "code": "CV", "capital": "Praia", "continent": "Africa" },
  { "id": 34, "name": "Cambodia", "code": "KH", "capital": "Phnom Penh", "continent": "Asia" },
  { "id": 35, "name": "Cameroon", "code": "CM", "capital": "Yaoundé", "continent": "Africa" },
  { "id": 36, "name": "Canada", "code": "CA", "capital": "Ottawa", "continent": "North America" },
  { "id": 37, "name": "Central African Republic", "code": "CF", "capital": "Bangui", "continent": "Africa" },
  { "id": 38, "name": "Chad", "code": "TD", "capital": "N'Djamena", "continent": "Africa" },
  { "id": 39, "name": "Chile", "code": "CL", "capital": "Santiago", "continent": "South America" },
  { "id": 40, "name": "China", "code": "CN", "capital": "Beijing", "continent": "Asia" },
  { "id": 41, "name": "Colombia", "code": "CO", "capital": "Bogotá", "continent": "South America" },
  { "id": 42, "name": "Comoros", "code": "KM", "capital": "Moroni", "continent": "Africa" },
  { "id": 43, "name": "Congo (Congo-Brazzaville)", "code": "CG", "capital": "Brazzaville", "continent": "Africa" },
  { "id": 44, "name": "Costa Rica", "code": "CR", "capital": "San José", "continent": "North America" },
  { "id": 45, "name": "Croatia", "code": "HR", "capital": "Zagreb", "continent": "Europe" },
  { "id": 46, "name": "Cuba", "code": "CU", "capital": "Havana", "continent": "North America" },
  { "id": 47, "name": "Cyprus", "code": "CY", "capital": "Nicosia", "continent": "Asia" },
  { "id": 48, "name": "Czech Republic", "code": "CZ", "capital": "Prague", "continent": "Europe" },
  { "id": 49, "name": "Democratic Republic of the Congo", "code": "CD", "capital": "Kinshasa", "continent": "Africa" },
  { "id": 50, "name": "Denmark", "code": "DK", "capital": "Copenhagen", "continent": "Europe" },
  { "id": 51, "name": "Djibouti", "code": "DJ", "capital": "Djibouti", "continent": "Africa" },
  { "id": 52, "name": "Dominica", "code": "DM", "capital": "Roseau", "continent": "North America" },
  { "id": 53, "name": "Dominican Republic", "code": "DO", "capital": "Santo Domingo", "continent": "North America" },
  { "id": 54, "name": "Ecuador", "code": "EC", "capital": "Quito", "continent": "South America" },
  { "id": 55, "name": "Egypt", "code": "EG", "capital": "Cairo", "continent": "Africa" },
  { "id": 56, "name": "El Salvador", "code": "SV", "capital": "San Salvador", "continent": "North America" },
  { "id": 57, "name": "Equatorial Guinea", "code": "GQ", "capital": "Malabo", "continent": "Africa" },
  { "id": 58, "name": "Eritrea", "code": "ER", "capital": "Asmara", "continent": "Africa" },
  { "id": 59, "name": "Estonia", "code": "EE", "capital": "Tallinn", "continent": "Europe" },
  { "id": 60, "name": "Eswatini", "code": "SZ", "capital": "Mbabane", "continent": "Africa" },
  { "id": 61, "name": "Ethiopia", "code": "ET", "capital": "Addis Ababa", "continent": "Africa" },
  { "id": 62, "name": "Fiji", "code": "FJ", "capital": "Suva", "continent": "Oceania" },
  { "id": 63, "name": "Finland", "code": "FI", "capital": "Helsinki", "continent": "Europe" },
  { "id": 64, "name": "France", "code": "FR", "capital": "Paris", "continent": "Europe" },
  { "id": 65, "name": "Gabon", "code": "GA", "capital": "Libreville", "continent": "Africa" },
  { "id": 66, "name": "Gambia", "code": "GM", "capital": "Banjul", "continent": "Africa" },
  { "id": 67, "name": "Georgia", "code": "GE", "capital": "Tbilisi", "continent": "Asia" },
  { "id": 68, "name": "Ghana", "code": "GH", "capital": "Accra", "continent": "Africa" },
  { "id": 69, "name": "Greece", "code": "GR", "capital": "Athens", "continent": "Europe" },
  { "id": 70, "name": "Grenada", "code": "GD", "capital": "St. George's", "continent": "North America" },
  { "id": 71, "name": "Guatemala", "code": "GT", "capital": "Guatemala City", "continent": "North America" },
  { "id": 72, "name": "Guinea", "code": "GN", "capital": "Conakry", "continent": "Africa" },
  { "id": 73, "name": "Guinea-Bissau", "code": "GW", "capital": "Bissau", "continent": "Africa" },
  { "id": 74, "name": "Guyana", "code": "GY", "capital": "Georgetown", "continent": "South America" },
  { "id": 75, "name": "Haiti", "code": "HT", "capital": "Port-au-Prince", "continent": "North America" },
  { "id": 76, "name": "Honduras", "code": "HN", "capital": "Tegucigalpa", "continent": "North America" },
  { "id": 77, "name": "Hungary", "code": "HU", "capital": "Budapest", "continent": "Europe" },
  { "id": 78, "name": "Iceland", "code": "IS", "capital": "Reykjavík", "continent": "Europe" },
  { "id": 79, "name": "Indonesia", "code": "ID", "capital": "Jakarta", "continent": "Asia" },
  { "id": 80, "name": "Iran", "code": "IR", "capital": "Tehran", "continent": "Asia" },
  { "id": 81, "name": "Iraq", "code": "IQ", "capital": "Baghdad", "continent": "Asia" },
  { "id": 82, "name": "Ireland", "code": "IE", "capital": "Dublin", "continent": "Europe" },
  { "id": 83, "name": "Israel", "code": "IL", "capital": "Jerusalem", "continent": "Asia" },
  { "id": 84, "name": "Italy", "code": "IT", "capital": "Rome", "continent": "Europe" },
  { "id": 85, "name": "Ivory Coast", "code": "CI", "capital": "Yamoussoukro", "continent": "Africa" },
  { "id": 86, "name": "Jamaica", "code": "JM", "capital": "Kingston", "continent": "North America" },
  { "id": 87, "name": "Jordan", "code": "JO", "capital": "Amman", "continent": "Asia" },
  { "id": 88, "name": "Kazakhstan", "code": "KZ", "capital": "Astana", "continent": "Asia" },
  { "id": 89, "name": "Kenya", "code": "KE", "capital": "Nairobi", "continent": "Africa" },
  { "id": 90, "name": "Kiribati", "code": "KI", "capital": "Tarawa", "continent": "Oceania" },
  { "id": 91, "name": "Kuwait", "code": "KW", "capital": "Kuwait City", "continent": "Asia" },
  { "id": 92, "name": "Kyrgyzstan", "code": "KG", "capital": "Bishkek", "continent": "Asia" },
  { "id": 93, "name": "Laos", "code": "LA", "capital": "Vientiane", "continent": "Asia" },
  { "id": 94, "name": "Latvia", "code": "LV", "capital": "Riga", "continent": "Europe" },
  { "id": 95, "name": "Lebanon", "code": "LB", "capital": "Beirut", "continent": "Asia" },
  { "id": 96, "name": "Lesotho", "code": "LS", "capital": "Maseru", "continent": "Africa" },
  { "id": 97, "name": "Liberia", "code": "LR", "capital": "Monrovia", "continent": "Africa" },
  { "id": 98, "name": "Libya", "code": "LY", "capital": "Tripoli", "continent": "Africa" },
  { "id": 99, "name": "Liechtenstein", "code": "LI", "capital": "Vaduz", "continent": "Europe" },
  { "id": 100, "name": "Lithuania", "code": "LT", "capital": "Vilnius", "continent": "Europe" },
  { "id": 101, "name": "Luxembourg", "code": "LU", "capital": "Luxembourg", "continent": "Europe" },
  { "id": 102, "name": "Madagascar", "code": "MG", "capital": "Antananarivo", "continent": "Africa" },
  { "id": 103, "name": "Malawi", "code": "MW", "capital": "Lilongwe", "continent": "Africa" },
  { "id": 104, "name": "Malaysia", "code": "MY", "capital": "Kuala Lumpur", "continent": "Asia" },
  { "id": 105, "name": "Maldives", "code": "MV", "capital": "Male", "continent": "Asia" },
  { "id": 106, "name": "Mali", "code": "ML", "capital": "Bamako", "continent": "Africa" },
  { "id": 107, "name": "Malta", "code": "MT", "capital": "Valletta", "continent": "Europe" },
  { "id": 108, "name": "Marshall Islands", "code": "MH", "capital": "Majuro", "continent": "Oceania" },
  { "id": 109, "name": "Mauritania", "code": "MR", "capital": "Nouakchott", "continent": "Africa" },
  { "id": 110, "name": "Mauritius", "code": "MU", "capital": "Port Louis", "continent": "Africa" },
  { "id": 111, "name": "Mexico", "code": "MX", "capital": "Mexico City", "continent": "North America" },
  { "id": 112, "name": "Micronesia", "code": "FM", "capital": "Palikir", "continent": "Oceania" },
  { "id": 113, "name": "Moldova", "code": "MD", "capital": "Chisinau", "continent": "Europe" },
  { "id": 114, "name": "Monaco", "code": "MC", "capital": "Monaco", "continent": "Europe" },
  { "id": 115, "name": "Mongolia", "code": "MN", "capital": "Ulaanbaatar", "continent": "Asia" },
  { "id": 116, "name": "Montenegro", "code": "ME", "capital": "Podgorica", "continent": "Europe" },
  { "id": 117, "name": "Morocco", "code": "MA", "capital": "Rabat", "continent": "Africa" },
  { "id": 118, "name": "Mozambique", "code": "MZ", "capital": "Maputo", "continent": "Africa" },
  { "id": 119, "name": "Myanmar", "code": "MM", "capital": "Naypyidaw", "continent": "Asia" },
  { "id": 120, "name": "Namibia", "code": "NA", "capital": "Windhoek", "continent": "Africa" },
  { "id": 121, "name": "Nauru", "code": "NR", "capital": "Yaren", "continent": "Oceania" },
  { "id": 122, "name": "Nepal", "code": "NP", "capital": "Kathmandu", "continent": "Asia" },
  { "id": 123, "name": "Netherlands", "code": "NL", "capital": "Amsterdam", "continent": "Europe" },
  { "id": 124, "name": "New Zealand", "code": "NZ", "capital": "Wellington", "continent": "Oceania" },
  { "id": 125, "name": "Nicaragua", "code": "NI", "capital": "Managua", "continent": "North America" },
  { "id": 126, "name": "Niger", "code": "NE", "capital": "Niamey", "continent": "Africa" },
  { "id": 127, "name": "Nigeria", "code": "NG", "capital": "Abuja", "continent": "Africa" },
  { "id": 128, "name": "North Korea", "code": "KP", "capital": "Pyongyang", "continent": "Asia" },
  { "id": 129, "name": "North Macedonia", "code": "MK", "capital": "Skopje", "continent": "Europe" },
  { "id": 130, "name": "Norway", "code": "NO", "capital": "Oslo", "continent": "Europe" },
  { "id": 131, "name": "Oman", "code": "OM", "capital": "Muscat", "continent": "Asia" },
  { "id": 132, "name": "Pakistan", "code": "PK", "capital": "Islamabad", "continent": "Asia" },
  { "id": 133, "name": "Palau", "code": "PW", "capital": "Ngerulmud", "continent": "Oceania" },
  { "id": 134, "name": "Palestine", "code": "PS", "capital": "Jerusalem", "continent": "Asia" },
  { "id": 135, "name": "Panama", "code": "PA", "capital": "Panama City", "continent": "North America" },
  { "id": 136, "name": "Papua New Guinea", "code": "PG", "capital": "Port Moresby", "continent": "Oceania" },
  { "id": 137, "name": "Paraguay", "code": "PY", "capital": "Asunción", "continent": "South America" },
  { "id": 138, "name": "Peru", "code": "PE", "capital": "Lima", "continent": "South America" },
  { "id": 139, "name": "Philippines", "code": "PH", "capital": "Manila", "continent": "Asia" },
  { "id": 140, "name": "Poland", "code": "PL", "capital": "Warsaw", "continent": "Europe" },
  { "id": 141, "name": "Portugal", "code": "PT", "capital": "Lisbon", "continent": "Europe" },
  { "id": 142, "name": "Qatar", "code": "QA", "capital": "Doha", "continent": "Asia" },
  { "id": 143, "name": "Romania", "code": "RO", "capital": "Bucharest", "continent": "Europe" },
  { "id": 144, "name": "Russia", "code": "RU", "capital": "Moscow", "continent": "Europe" },
  { "id": 145, "name": "Rwanda", "code": "RW", "capital": "Kigali", "continent": "Africa" },
  { "id": 146, "name": "Saint Kitts and Nevis", "code": "KN", "capital": "Basseterre", "continent": "North America" },
  { "id": 147, "name": "Saint Lucia", "code": "LC", "capital": "Castries", "continent": "North America" },
  { "id": 148, "name": "Saint Vincent and the Grenadines", "code": "VC", "capital": "Kingstown", "continent": "North America" },
  { "id": 149, "name": "Samoa", "code": "WS", "capital": "Apia", "continent": "Oceania" },
  { "id": 150, "name": "San Marino", "code": "SM", "capital": "San Marino", "continent": "Europe" },
  { "id": 151, "name": "Sao Tome and Principe", "code": "ST", "capital": "São Tomé", "continent": "Africa" },
  { "id": 152, "name": "Saudi Arabia", "code": "SA", "capital": "Riyadh", "continent": "Asia" },
  { "id": 153, "name": "Senegal", "code": "SN", "capital": "Dakar", "continent": "Africa" },
  { "id": 154, "name": "Serbia", "code": "RS", "capital": "Belgrade", "continent": "Europe" },
  { "id": 155, "name": "Seychelles", "code": "SC", "capital": "Victoria", "continent": "Africa" },
  { "id": 156, "name": "Sierra Leone", "code": "SL", "capital": "Freetown", "continent": "Africa" },
  { "id": 157, "name": "Singapore", "code": "SG", "capital": "Singapore", "continent": "Asia" },
  { "id": 158, "name": "Slovakia", "code": "SK", "capital": "Bratislava", "continent": "Europe" },
  { "id": 159, "name": "Slovenia", "code": "SI", "capital": "Ljubljana", "continent": "Europe" },
  { "id": 160, "name": "Solomon Islands", "code": "SB", "capital": "Honiara", "continent": "Oceania" },
  { "id": 161, "name": "Somalia", "code": "SO", "capital": "Mogadishu", "continent": "Africa" },
  { "id": 162, "name": "South Africa", "code": "ZA", "capital": "Pretoria", "continent": "Africa" },
  { "id": 163, "name": "South Korea", "code": "KR", "capital": "Seoul", "continent": "Asia" },
  { "id": 164, "name": "South Sudan", "code": "SS", "capital": "Juba", "continent": "Africa" },
  { "id": 165, "name": "Spain", "code": "ES", "capital": "Madrid", "continent": "Europe" },
  { "id": 166, "name": "Sri Lanka", "code": "LK", "capital": "Sri Jayawardenepura Kotte", "continent": "Asia" },
  { "id": 167, "name": "Sudan", "code": "SD", "capital": "Khartoum", "continent": "Africa" },
  { "id": 168, "name": "Suriname", "code": "SR", "capital": "Paramaribo", "continent": "South America" },
  { "id": 169, "name": "Sweden", "code": "SE", "capital": "Stockholm", "continent": "Europe" },
  { "id": 170, "name": "Switzerland", "code": "CH", "capital": "Bern", "continent": "Europe" },
  { "id": 171, "name": "Syria", "code": "SY", "capital": "Damascus", "continent": "Asia" },
  { "id": 172, "name": "Tajikistan", "code": "TJ", "capital": "Dushanbe", "continent": "Asia" },
  { "id": 173, "name": "Tanzania", "code": "TZ", "capital": "Dodoma", "continent": "Africa" },
  { "id": 174, "name": "Thailand", "code": "TH", "capital": "Bangkok", "continent": "Asia" },
  { "id": 175, "name": "Timor-Leste", "code": "TL", "capital": "Dili", "continent": "Asia" },
  { "id": 176, "name": "Togo", "code": "TG", "capital": "Lomé", "continent": "Africa" },
  { "id": 177, "name": "Tonga", "code": "TO", "capital": "Nukuʻalofa", "continent": "Oceania" },
  { "id": 178, "name": "Trinidad and Tobago", "code": "TT", "capital": "Port of Spain", "continent": "South America" },
  { "id": 179, "name": "Tunisia", "code": "TN", "capital": "Tunis", "continent": "Africa" },
  { "id": 180, "name": "Turkey", "code": "TR", "capital": "Ankara", "continent": "Asia" },
  { "id": 181, "name": "Turkmenistan", "code": "TM", "capital": "Ashgabat", "continent": "Asia" },
  { "id": 182, "name": "Tuvalu", "code": "TV", "capital": "Funafuti", "continent": "Oceania" },
  { "id": 183, "name": "Uganda", "code": "UG", "capital": "Kampala", "continent": "Africa" },
  { "id": 184, "name": "Ukraine", "code": "UA", "capital": "Kyiv", "continent": "Europe" },
  { "id": 185, "name": "United Arab Emirates", "code": "AE", "capital": "Abu Dhabi", "continent": "Asia" },
  { "id": 186, "name": "United Kingdom", "code": "GB", "capital": "London", "continent": "Europe" },
  { "id": 187, "name": "Uruguay", "code": "UY", "capital": "Montevideo", "continent": "South America" },
  { "id": 188, "name": "Uzbekistan", "code": "UZ", "capital": "Tashkent", "continent": "Asia" },
  { "id": 189, "name": "Vanuatu", "code": "VU", "capital": "Port Vila", "continent": "Oceania" },
  { "id": 190, "name": "Vatican City", "code": "VA", "capital": "Vatican City", "continent": "Europe" },
  { "id": 191, "name": "Venezuela", "code": "VE", "capital": "Caracas", "continent": "South America" },
  { "id": 192, "name": "Vietnam", "code": "VN", "capital": "Hanoi", "continent": "Asia" },
  { "id": 193, "name": "Yemen", "code": "YE", "capital": "Sana'a", "continent": "Asia" },
  { "id": 194, "name": "Zambia", "code": "ZM", "capital": "Lusaka", "continent": "Africa" },
  { "id": 195, "name": "Zimbabwe", "code": "ZW", "capital": "Harare", "continent": "Africa" }
]